{"pixels": 128, "frequency": 0.2, "scale": 0.6, "window_width": 1495, "window_height": 800, "colormap": "bwr", "auto_scale": true, "ch1_v_min": -9.9, "ch1_v_max": 9.9, "ch2_v_min": -0.1, "ch2_v_max": 0.1, "ch3_v_min": -2, "ch3_v_max": 2, "dark_mode": true, "x_center": 60, "y_center": 90, "x_size": 30, "y_size": 30, "angle": 15, "conversion_factor": 0.0049, "xy_scan": true, "scan_id": "Device2_no_bias_", "target_folder": "c:\\Users\\VDZ-M\\Desktop\\LSM-main\\lockin\\results\\", "theta_start": null, "theta_end": null, "theta_steps": 128, "input_channels": ["Dev1/ai0", "Dev1/ai4", "Dev1/ai20"]}